{"music_volume": 0.20000000000000004, "fx_volume": 0.20000000000000004, "resolution": "FULL"}